-- phpMyAdmin SQL Dump
-- version 4.9.0.1
-- https://www.phpmyadmin.net/
--
-- Host: 127.0.0.1
-- Tempo de geração: 25-Ago-2019 às 09:33
-- Versão do servidor: 10.3.15-MariaDB
-- versão do PHP: 7.3.6

SET SQL_MODE = "NO_AUTO_VALUE_ON_ZERO";
SET AUTOCOMMIT = 0;
START TRANSACTION;
SET time_zone = "+00:00";


/*!40101 SET @OLD_CHARACTER_SET_CLIENT=@@CHARACTER_SET_CLIENT */;
/*!40101 SET @OLD_CHARACTER_SET_RESULTS=@@CHARACTER_SET_RESULTS */;
/*!40101 SET @OLD_COLLATION_CONNECTION=@@COLLATION_CONNECTION */;
/*!40101 SET NAMES utf8mb4 */;

--
-- Banco de dados: `virtualstoredb`
--

-- --------------------------------------------------------

--
-- Estrutura da tabela `admins`
--

CREATE TABLE `admins` (
  `admin_id` int(10) NOT NULL,
  `admin_name` varchar(255) NOT NULL,
  `admin_email` varchar(255) NOT NULL,
  `admin_pass` varchar(255) NOT NULL,
  `admin_image` text NOT NULL,
  `admin_country` text NOT NULL,
  `admin_about` text NOT NULL,
  `admin_contact` varchar(255) NOT NULL,
  `admin_job` varchar(255) NOT NULL
) ENGINE=InnoDB DEFAULT CHARSET=latin1;

--
-- Extraindo dados da tabela `admins`
--

INSERT INTO `admins` (`admin_id`, `admin_name`, `admin_email`, `admin_pass`, `admin_image`, `admin_country`, `admin_about`, `admin_contact`, `admin_job`) VALUES
(2, 'Tatiana Saphira', 'rtonarque@gmail.com', '123', 'tatiana-saphira.jpg', 'Indonesia', 'Change the about description for Tatiana from chelsea Islan', '2222-2222-2222', 'MyMaid');

-- --------------------------------------------------------

--
-- Estrutura da tabela `cart`
--

CREATE TABLE `cart` (
  `p_id` int(10) NOT NULL,
  `ip_add` varchar(255) NOT NULL,
  `qty` int(10) NOT NULL,
  `size` text NOT NULL
) ENGINE=InnoDB DEFAULT CHARSET=latin1;

-- --------------------------------------------------------

--
-- Estrutura da tabela `categories`
--

CREATE TABLE `categories` (
  `cat_id` int(10) NOT NULL,
  `cat_title` text NOT NULL,
  `cat_desc` text NOT NULL
) ENGINE=InnoDB DEFAULT CHARSET=latin1;

--
-- Extraindo dados da tabela `categories`
--

INSERT INTO `categories` (`cat_id`, `cat_title`, `cat_desc`) VALUES
(1, 'EAU DE PARFUM', 'This Cat Men has been edited by the admin of this website'),
(2, 'DIA', 'Lorem ipsum dolor sit amet, consectetur adipisicing elit. Velit rem eos illo tempora dicta possimus adipisci doloribus obcaecati odit officiis, sapiente eius excepturi harum voluptates nihil aut quo vero eveniet.'),
(3, 'NOITE', 'Lorem ipsum dolor sit amet, consectetur adipisicing elit. Velit rem eos illo tempora dicta possimus adipisci doloribus obcaecati odit officiis, sapiente eius excepturi harum voluptates nihil aut quo vero eveniet.'),
(4, 'CHALES', 'Lorem ipsum dolor sit amet, consectetur adipisicing elit. Velit rem eos illo tempora dicta possimus adipisci doloribus obcaecati odit officiis, sapiente eius excepturi harum voluptates nihil aut quo vero eveniet.');

-- --------------------------------------------------------

--
-- Estrutura da tabela `customers`
--

CREATE TABLE `customers` (
  `customer_id` int(10) NOT NULL,
  `customer_name` varchar(255) NOT NULL,
  `customer_email` varchar(255) NOT NULL,
  `customer_pass` varchar(255) NOT NULL,
  `customer_country` text NOT NULL,
  `customer_city` text NOT NULL,
  `customer_contact` varchar(255) NOT NULL,
  `customer_address` text NOT NULL,
  `customer_image` text NOT NULL,
  `customer_ip` varchar(100) NOT NULL
) ENGINE=InnoDB DEFAULT CHARSET=latin1;

--
-- Extraindo dados da tabela `customers`
--

INSERT INTO `customers` (`customer_id`, `customer_name`, `customer_email`, `customer_pass`, `customer_country`, `customer_city`, `customer_contact`, `customer_address`, `customer_image`, `customer_ip`) VALUES
(5, 'Renan Tonarque', 'rtonarque@gmail.com', '123', 'India', 'Calcuta', '8891822', 'alfeu schimidt 221', 'member1.jpg', '::1'),
(6, 'Aninha linda', 'admin@admin.com', 'admin', 'England', 'London', '555-2255-222', 'asdasdasdas', 'member2.jpg', '::1'),
(7, 'RENAN TONARQUE', 'rtonarque@gmail.com', 'ewqw', 'Brasil', 'sao paulo', '11947879860', 'rua sao pfocopio 300, frente', 'logo.JPG', '::1'),
(8, 'renan tonarke', 'growstuf@gmail.com', '123', 'Brasil', 'Santa Barbara d Oeste', '1999851364', 'SADAS, planalto do sol 2', 'logo.JPG', '::1'),
(9, 'renan tonarke', 'growstuf@gmail.com', '123', 'Brasil', 'Santa Barbara d Oeste', '1999851364', 'SADAS, planalto do sol 2', 'logo.JPG', '::1'),
(10, 'RENAN TONARQUE', 'rtonarque@gmail.com', 'ewqewq', 'Brasil', 'sao paulo', '19998513647', 'rua sdfsdfds,322, frente', 'logo.JPG', '::1'),
(11, 'RENAN TONARQUE', 'rtonarque@gmail.com', '223', 'Brasil', 'sao paulo', '19998513647', 'rua sdfsdfds,322, frente', 'logo.JPG', '::1');

-- --------------------------------------------------------

--
-- Estrutura da tabela `customer_orders`
--

CREATE TABLE `customer_orders` (
  `order_id` int(10) NOT NULL,
  `customer_id` int(10) NOT NULL,
  `due_amount` int(100) NOT NULL,
  `invoice_no` int(100) NOT NULL,
  `qty` int(10) NOT NULL,
  `size` text NOT NULL,
  `order_date` date NOT NULL,
  `order_status` text NOT NULL
) ENGINE=InnoDB DEFAULT CHARSET=latin1;

--
-- Extraindo dados da tabela `customer_orders`
--

INSERT INTO `customer_orders` (`order_id`, `customer_id`, `due_amount`, `invoice_no`, `qty`, `size`, `order_date`, `order_status`) VALUES
(11, 6, 300, 206863956, 1, 'Small', '2019-02-06', 'Complete'),
(12, 6, 10, 206863956, 1, 'Small', '2019-02-06', 'Complete');

-- --------------------------------------------------------

--
-- Estrutura da tabela `payments`
--

CREATE TABLE `payments` (
  `payment_id` int(10) NOT NULL,
  `invoice_no` int(10) NOT NULL,
  `amount` int(10) NOT NULL,
  `payment_mode` text NOT NULL,
  `ref_no` int(10) NOT NULL,
  `code` int(10) NOT NULL,
  `payment_date` text NOT NULL
) ENGINE=InnoDB DEFAULT CHARSET=latin1;

--
-- Extraindo dados da tabela `payments`
--

INSERT INTO `payments` (`payment_id`, `invoice_no`, `amount`, `payment_mode`, `ref_no`, `code`, `payment_date`) VALUES
(6, 206863956, 10, 'Western Union', 123123, 321321, '02-09-2019');

-- --------------------------------------------------------

--
-- Estrutura da tabela `pending_orders`
--

CREATE TABLE `pending_orders` (
  `order_id` int(10) NOT NULL,
  `customer_id` int(10) NOT NULL,
  `invoice_no` int(10) NOT NULL,
  `product_id` text NOT NULL,
  `qty` int(10) NOT NULL,
  `size` text NOT NULL,
  `order_status` text NOT NULL
) ENGINE=InnoDB DEFAULT CHARSET=latin1;

--
-- Extraindo dados da tabela `pending_orders`
--

INSERT INTO `pending_orders` (`order_id`, `customer_id`, `invoice_no`, `product_id`, `qty`, `size`, `order_status`) VALUES
(9, 6, 206863956, '10', 1, 'Small', 'pending'),
(10, 6, 206863956, '15', 1, 'Small', 'pending');

-- --------------------------------------------------------

--
-- Estrutura da tabela `products`
--

CREATE TABLE `products` (
  `product_id` int(10) NOT NULL,
  `p_cat_id` int(10) NOT NULL,
  `cat_id` int(10) NOT NULL,
  `date` timestamp NOT NULL DEFAULT current_timestamp() ON UPDATE current_timestamp(),
  `product_title` text NOT NULL,
  `product_img1` text NOT NULL,
  `product_img2` text NOT NULL,
  `product_img3` text NOT NULL,
  `product_price` int(10) NOT NULL,
  `product_keywords` text NOT NULL,
  `product_desc` text NOT NULL
) ENGINE=InnoDB DEFAULT CHARSET=latin1;

--
-- Extraindo dados da tabela `products`
--

INSERT INTO `products` (`product_id`, `p_cat_id`, `cat_id`, `date`, `product_title`, `product_img1`, `product_img2`, `product_img3`, `product_price`, `product_keywords`, `product_desc`) VALUES
(1, 1, 2, '2018-10-15 12:20:12', 'Tokichoi Front Pocket Collared Dress', 'product_front.jpg', 'product-back.jpg', 'product_hang.jpg', 66, 'Dress', '<p>Lorem ipsum dolor sit amet, consectetur adipisicing elit. Sapiente, dolorem tempore deleniti delectus numquam quam magni quidem veniam sequi nostrum sed eaque. Reiciendis quisquam totam nobis corrupti ullam at debitis!</p>'),
(2, 4, 3, '2018-10-18 21:27:12', 'Boys Puffer Coat With Detachable Hood', 'boys-Puffer-Coat-With-Detachable-Hood-1.jpg', 'boys-Puffer-Coat-With-Detachable-Hood-2.jpg', 'boys-Puffer-Coat-With-Detachable-Hood-3.jpg', 121, 'Hood', '<p>Lorem ipsum dolor sit amet, consectetur adipisicing elit. Tenetur cupiditate animi, voluptas neque quasi qui unde fuga porro vero magnam maiores optio amet quos temporibus? Amet saepe fugit nostrum a?</p>'),
(3, 5, 2, '2018-10-18 21:29:33', 'Girl Polos T-Shirt', 'g-polos-tshirt-1.jpg', 'g-polos-tshirt-2.jpg', '', 55, 'Shirt', '<p>Lorem ipsum dolor sit amet, consectetur adipisicing elit. Tenetur cupiditate animi, voluptas neque quasi qui unde fuga porro vero magnam maiores optio amet quos temporibus? Amet saepe fugit nostrum a?</p>'),
(4, 1, 1, '2018-10-18 21:31:29', 'Man Geox Winter Jacket', 'Man-Geox-Winter-jacket-1.jpg', 'Man-Geox-Winter-jacket-2.jpg', 'Man-Geox-Winter-jacket-3.jpg', 100, 'Snake Skin', '<p>Lorem ipsum dolor sit amet, consectetur adipisicing elit. Tenetur cupiditate animi, voluptas neque quasi qui unde fuga porro vero magnam maiores optio amet quos temporibus? Amet saepe fugit nostrum a?</p>'),
(5, 1, 2, '2018-10-18 21:32:37', 'Women Red Winter Jacket', 'Red-Winter-jacket-1.jpg', 'Red-Winter-jacket-2.jpg', 'Red-Winter-jacket-3.jpg', 103, 'Korean Jacket', '<p>Lorem ipsum dolor sit amet, consectetur adipisicing elit. Tenetur cupiditate animi, voluptas neque quasi qui unde fuga porro vero magnam maiores optio amet quos temporibus? Amet saepe fugit nostrum a?</p>'),
(6, 4, 2, '2018-10-18 21:33:44', 'Woman Waxed Cotton Coat', 'waxed-cotton-coat-woman-1.jpg', 'waxed-cotton-coat-woman-2.jpg', 'waxed-cotton-coat-woman-3.jpg', 211, 'Cotton', '<p>Lorem ipsum dolor sit amet, consectetur adipisicing elit. Tenetur cupiditate animi, voluptas neque quasi qui unde fuga porro vero magnam maiores optio amet quos temporibus? Amet saepe fugit nostrum a?</p>'),
(7, 3, 2, '2018-10-18 21:34:52', 'High Heels Pantofel Brukat', 'High Heels Women Pantofel Brukat-1.jpg', 'High Heels Women Pantofel Brukat-2.jpg', 'High Heels Women Pantofel Brukat-3.jpg', 45, 'High Heel', '<p>Lorem ipsum dolor sit amet, consectetur adipisicing elit. Tenetur cupiditate animi, voluptas neque quasi qui unde fuga porro vero magnam maiores optio amet quos temporibus? Amet saepe fugit nostrum a?</p>'),
(8, 3, 1, '2018-10-18 21:35:45', 'Adidas Suarez Slop On', 'Man-Adidas-Suarez-Slop-On-1.jpg', 'Man-Adidas-Suarez-Slop-On-2.jpg', 'Man-Adidas-Suarez-Slop-On-3.jpg', 51, 'Adidas Suarez', '<p>Lorem ipsum dolor sit amet, consectetur adipisicing elit. Tenetur cupiditate animi, voluptas neque quasi qui unde fuga porro vero magnam maiores optio amet quos temporibus? Amet saepe fugit nostrum a?</p>'),
(9, 2, 1, '2018-10-18 21:36:50', 'Mont Blanc Belt Man', 'Mont-Blanc-Belt-man-1.jpg', 'Mont-Blanc-Belt-man-2.jpg', 'Mont-Blanc-Belt-man-3.jpg', 166, 'Belt', '<p>Lorem ipsum dolor sit amet, consectetur adipisicing elit. Tenetur cupiditate animi, voluptas neque quasi qui unde fuga porro vero magnam maiores optio amet quos temporibus? Amet saepe fugit nostrum a?</p>'),
(10, 2, 2, '2018-10-18 21:37:37', 'Diamond Heart Ring', 'women-diamond-heart-ring-1.jpg', 'women-diamond-heart-ring-2.jpg', 'women-diamond-heart-ring-3.jpg', 300, 'Ring', '<p>Lorem ipsum dolor sit amet, consectetur adipisicing elit. Tenetur cupiditate animi, voluptas neque quasi qui unde fuga porro vero magnam maiores optio amet quos temporibus? Amet saepe fugit nostrum a?</p>'),
(11, 5, 1, '2018-10-28 15:01:06', 'Grey Man T-Shirt', 'grey-man-1.jpg', 'grey-man-2.jpg', 'grey-man-3.jpg', 50, 'Casual', '<p>Lorem ipsum dolor sit amet, consectetur adipisicing elit. Quasi rem nemo, autem at ad temporibus, maiores ducimus sed quam enim reprehenderit distinctio similique debitis, quis corrupti est. Sed, rem, voluptatibus!</p>'),
(12, 5, 1, '2018-10-28 15:01:56', 'Man Polo Casual T-Shirt', 'Man-Polo-1.jpg', 'Man-Polo-2.jpg', 'Man-Polo-3.jpg', 45, 'Casual', '<p>Lorem ipsum dolor sit amet, consectetur adipisicing elit. Quasi rem nemo, autem at ad temporibus, maiores ducimus sed quam enim reprehenderit distinctio similique debitis, quis corrupti est. Sed, rem, voluptatibus!</p>'),
(13, 5, 1, '2018-10-28 15:02:40', 'Boy Polos T-Shirt', 'polos-tshirt-1.jpg', 'polos-tshirt-2.jpg', '', 40, 'Casual', '<p>Lorem ipsum dolor sit amet, consectetur adipisicing elit. Quasi rem nemo, autem at ad temporibus, maiores ducimus sed quam enim reprehenderit distinctio similique debitis, quis corrupti est. Sed, rem, voluptatibus!</p>'),
(14, 1, 1, '2018-10-28 15:03:50', 'Levi`s Trucker Jacket', 'levis-Trucker-Jacket.jpg', 'levis-Trucker-Jacket-2.jpg', 'levis-Trucker-Jacket-3.jpg', 98, 'Trucker', '<p>Lorem ipsum dolor sit amet, consectetur adipisicing elit. Quasi rem nemo, autem at ad temporibus, maiores ducimus sed quam enim reprehenderit distinctio similique debitis, quis corrupti est. Sed, rem, voluptatibus!</p>'),
(15, 2, 2, '2019-01-17 09:52:40', 'Hijab Girl New', 'hijab-anak-1.jpg', 'hijab-anak-2.jpg', 'hijab-anak-3.jpg', 10, 'Hijab Kids', '<p>This is just description for sampe product of hijab. And Cha cha cha And Cha cha cha And Cha cha cha And Cha cha cha And Cha cha cha And Cha cha cha And Cha cha cha And Cha cha cha And Cha cha cha And Cha cha cha And Cha cha cha</p>');

-- --------------------------------------------------------

--
-- Estrutura da tabela `product_categories`
--

CREATE TABLE `product_categories` (
  `p_cat_id` int(10) NOT NULL,
  `p_cat_title` text NOT NULL,
  `p_cat_desc` text NOT NULL
) ENGINE=InnoDB DEFAULT CHARSET=latin1;

--
-- Extraindo dados da tabela `product_categories`
--

INSERT INTO `product_categories` (`p_cat_id`, `p_cat_title`, `p_cat_desc`) VALUES
(1, 'EGITO', 'Tes Change description for product category Jackets'),
(2, 'INDIA', 'Lorem ipsum dolor sit amet, consectetur adipisicing elit. Velit rem eos illo tempora dicta possimus adipisci doloribus obcaecati odit officiis, sapiente eius excepturi harum voluptates nihil aut quo vero eveniet.'),
(3, 'MARROCOS', 'Lorem ipsum dolor sit amet, consectetur adipisicing elit. Velit rem eos illo tempora dicta possimus adipisci doloribus obcaecati odit officiis, sapiente eius excepturi harum voluptates nihil aut quo vero eveniet.'),
(4, 'INDONESIA', 'This description is for the product category Rain Coats lol ^_^'),
(5, 'CHINA', 'Lorem ipsum dolor sit amet, consectetur adipisicing elit. Velit rem eos illo tempora dicta possimus adipisci doloribus obcaecati odit officiis, sapiente eius excepturi harum voluptates nihil aut quo vero eveniet.');

-- --------------------------------------------------------

--
-- Estrutura da tabela `slider`
--

CREATE TABLE `slider` (
  `slide_id` int(10) NOT NULL,
  `slide_name` varchar(255) NOT NULL,
  `slide_image` text NOT NULL
) ENGINE=InnoDB DEFAULT CHARSET=latin1;

--
-- Extraindo dados da tabela `slider`
--

INSERT INTO `slider` (`slide_id`, `slide_name`, `slide_image`) VALUES
(8, 'Slide Number 6', 'slide-10.jpg'),
(9, 'Slide Number 7', 'slide-12.jpg'),
(10, 'Editing Slide Number 8', 'slide-11.jpg');

--
-- Índices para tabelas despejadas
--

--
-- Índices para tabela `admins`
--
ALTER TABLE `admins`
  ADD PRIMARY KEY (`admin_id`);

--
-- Índices para tabela `cart`
--
ALTER TABLE `cart`
  ADD PRIMARY KEY (`p_id`);

--
-- Índices para tabela `categories`
--
ALTER TABLE `categories`
  ADD PRIMARY KEY (`cat_id`);

--
-- Índices para tabela `customers`
--
ALTER TABLE `customers`
  ADD PRIMARY KEY (`customer_id`);

--
-- Índices para tabela `customer_orders`
--
ALTER TABLE `customer_orders`
  ADD PRIMARY KEY (`order_id`);

--
-- Índices para tabela `payments`
--
ALTER TABLE `payments`
  ADD PRIMARY KEY (`payment_id`);

--
-- Índices para tabela `pending_orders`
--
ALTER TABLE `pending_orders`
  ADD PRIMARY KEY (`order_id`);

--
-- Índices para tabela `products`
--
ALTER TABLE `products`
  ADD PRIMARY KEY (`product_id`);

--
-- Índices para tabela `product_categories`
--
ALTER TABLE `product_categories`
  ADD PRIMARY KEY (`p_cat_id`);

--
-- Índices para tabela `slider`
--
ALTER TABLE `slider`
  ADD PRIMARY KEY (`slide_id`);

--
-- AUTO_INCREMENT de tabelas despejadas
--

--
-- AUTO_INCREMENT de tabela `admins`
--
ALTER TABLE `admins`
  MODIFY `admin_id` int(10) NOT NULL AUTO_INCREMENT, AUTO_INCREMENT=6;

--
-- AUTO_INCREMENT de tabela `categories`
--
ALTER TABLE `categories`
  MODIFY `cat_id` int(10) NOT NULL AUTO_INCREMENT, AUTO_INCREMENT=5;

--
-- AUTO_INCREMENT de tabela `customers`
--
ALTER TABLE `customers`
  MODIFY `customer_id` int(10) NOT NULL AUTO_INCREMENT, AUTO_INCREMENT=12;

--
-- AUTO_INCREMENT de tabela `customer_orders`
--
ALTER TABLE `customer_orders`
  MODIFY `order_id` int(10) NOT NULL AUTO_INCREMENT, AUTO_INCREMENT=13;

--
-- AUTO_INCREMENT de tabela `payments`
--
ALTER TABLE `payments`
  MODIFY `payment_id` int(10) NOT NULL AUTO_INCREMENT, AUTO_INCREMENT=7;

--
-- AUTO_INCREMENT de tabela `pending_orders`
--
ALTER TABLE `pending_orders`
  MODIFY `order_id` int(10) NOT NULL AUTO_INCREMENT, AUTO_INCREMENT=11;

--
-- AUTO_INCREMENT de tabela `products`
--
ALTER TABLE `products`
  MODIFY `product_id` int(10) NOT NULL AUTO_INCREMENT, AUTO_INCREMENT=16;

--
-- AUTO_INCREMENT de tabela `product_categories`
--
ALTER TABLE `product_categories`
  MODIFY `p_cat_id` int(10) NOT NULL AUTO_INCREMENT, AUTO_INCREMENT=6;

--
-- AUTO_INCREMENT de tabela `slider`
--
ALTER TABLE `slider`
  MODIFY `slide_id` int(10) NOT NULL AUTO_INCREMENT, AUTO_INCREMENT=11;
COMMIT;

/*!40101 SET CHARACTER_SET_CLIENT=@OLD_CHARACTER_SET_CLIENT */;
/*!40101 SET CHARACTER_SET_RESULTS=@OLD_CHARACTER_SET_RESULTS */;
/*!40101 SET COLLATION_CONNECTION=@OLD_COLLATION_CONNECTION */;
